tipo_polinico,granos_de_polen_x_metro_cubico,fecha
Pl?tano de paseo,0.0,2021-01-01
Pl?tano de paseo,0.0,2021-01-02
Pl?tano de paseo,1.0,2021-01-03
Pl?tano de paseo,0.0,2021-01-04
Pl?tano de paseo,0.0,2021-01-05
Pl?tano de paseo,0.0,2021-01-06
Pl?tano de paseo,0.0,2021-01-07
Pl?tano de paseo,0.0,2021-01-08
Pl?tano de paseo,0.0,2021-01-09
Pl?tano de paseo,0.0,2021-01-10
Pl?tano de paseo,,2021-01-11
Pl?tano de paseo,,2021-01-12
Pl?tano de paseo,,2021-01-13
Pl?tano de paseo,,2021-01-14
Pl?tano de paseo,,2021-01-15
Pl?tano de paseo,,2021-01-16
Pl?tano de paseo,,2021-01-17
Pl?tano de paseo,,2021-01-18
Pl?tano de paseo,,2021-01-19
Pl?tano de paseo,,2021-01-20
Pl?tano de paseo,,2021-01-21
Pl?tano de paseo,,2021-01-22
Pl?tano de paseo,,2021-01-23
Pl?tano de paseo,,2021-01-24
Pl?tano de paseo,0.0,2021-01-25
Pl?tano de paseo,0.0,2021-01-26
Pl?tano de paseo,0.0,2021-01-27
Pl?tano de paseo,0.0,2021-01-28
Pl?tano de paseo,0.0,2021-01-29
Pl?tano de paseo,0.0,2021-01-30
Pl?tano de paseo,0.0,2021-01-31
Pl?tano de paseo,0.0,2021-02-01
Pl?tano de paseo,0.0,2021-02-02
Pl?tano de paseo,0.0,2021-02-03
Pl?tano de paseo,0.0,2021-02-04
Pl?tano de paseo,0.0,2021-02-05
Pl?tano de paseo,0.0,2021-02-06
Pl?tano de paseo,0.0,2021-02-07
Pl?tano de paseo,0.0,2021-02-08
Pl?tano de paseo,0.0,2021-02-09
Pl?tano de paseo,0.0,2021-02-10
Pl?tano de paseo,0.0,2021-02-11
Pl?tano de paseo,1.0,2021-02-12
Pl?tano de paseo,0.0,2021-02-13
Pl?tano de paseo,0.0,2021-02-14
Pl?tano de paseo,1.0,2021-02-15
Pl?tano de paseo,0.0,2021-02-16
Pl?tano de paseo,0.0,2021-02-17
Pl?tano de paseo,0.0,2021-02-18
Pl?tano de paseo,0.0,2021-02-19
Pl?tano de paseo,0.0,2021-02-20
Pl?tano de paseo,0.0,2021-02-21
Pl?tano de paseo,0.0,2021-02-22
Pl?tano de paseo,0.0,2021-02-23
Pl?tano de paseo,0.0,2021-02-24
Pl?tano de paseo,0.0,2021-02-25
Pl?tano de paseo,0.0,2021-02-26
Pl?tano de paseo,0.0,2021-02-27
Pl?tano de paseo,0.0,2021-02-28
Pl?tano de paseo,0.0,2021-03-01
Pl?tano de paseo,1.0,2021-03-02
Pl?tano de paseo,1.0,2021-03-03
Pl?tano de paseo,0.0,2021-03-04
Pl?tano de paseo,6.0,2021-03-05
Pl?tano de paseo,15.0,2021-03-06
Pl?tano de paseo,7.0,2021-03-07
Pl?tano de paseo,11.0,2021-03-08
Pl?tano de paseo,58.0,2021-03-09
Pl?tano de paseo,77.0,2021-03-10
Pl?tano de paseo,190.0,2021-03-11
Pl?tano de paseo,139.0,2021-03-12
Pl?tano de paseo,191.0,2021-03-13
Pl?tano de paseo,575.0,2021-03-14
Pl?tano de paseo,833.0,2021-03-15
Pl?tano de paseo,2100.0,2021-03-16
Pl?tano de paseo,1900.0,2021-03-17
Pl?tano de paseo,821.0,2021-03-18
Pl?tano de paseo,812.0,2021-03-19
Pl?tano de paseo,879.0,2021-03-20
Pl?tano de paseo,662.0,2021-03-21
Pl?tano de paseo,1162.0,2021-03-22
Pl?tano de paseo,2034.0,2021-03-23
Pl?tano de paseo,3212.0,2021-03-24
Pl?tano de paseo,2122.0,2021-03-25
Pl?tano de paseo,2491.0,2021-03-26
Pl?tano de paseo,1627.0,2021-03-27
Pl?tano de paseo,1658.0,2021-03-28
Pl?tano de paseo,2670.0,2021-03-29
Pl?tano de paseo,1887.0,2021-03-30
Pl?tano de paseo,1963.0,2021-03-31
Pl?tano de paseo,1844.0,2021-04-01
Pl?tano de paseo,509.0,2021-04-02
Pl?tano de paseo,320.0,2021-04-03
Pl?tano de paseo,232.0,2021-04-04
Pl?tano de paseo,288.0,2021-04-05
Pl?tano de paseo,333.0,2021-04-06
Pl?tano de paseo,264.0,2021-04-07
Pl?tano de paseo,66.0,2021-04-08
Pl?tano de paseo,100.0,2021-04-09
Pl?tano de paseo,81.0,2021-04-10
Pl?tano de paseo,38.0,2021-04-11
Pl?tano de paseo,46.0,2021-04-12
Pl?tano de paseo,54.0,2021-04-13
Pl?tano de paseo,40.0,2021-04-14
Pl?tano de paseo,29.0,2021-04-15
Pl?tano de paseo,104.0,2021-04-16
Pl?tano de paseo,36.0,2021-04-17
Pl?tano de paseo,3.0,2021-04-18
Pl?tano de paseo,46.0,2021-04-19
Pl?tano de paseo,20.0,2021-04-20
Pl?tano de paseo,23.0,2021-04-21
Pl?tano de paseo,4.0,2021-04-22
Pl?tano de paseo,24.0,2021-04-23
Pl?tano de paseo,22.0,2021-04-24
Pl?tano de paseo,3.0,2021-04-25
Pl?tano de paseo,5.0,2021-04-26
Pl?tano de paseo,7.0,2021-04-27
Pl?tano de paseo,4.0,2021-04-28
Pl?tano de paseo,8.0,2021-04-29
Pl?tano de paseo,3.0,2021-04-30
Pl?tano de paseo,8.0,2021-05-01
Pl?tano de paseo,7.0,2021-05-02
Pl?tano de paseo,6.0,2021-05-03
Pl?tano de paseo,1.0,2021-05-04
Pl?tano de paseo,1.0,2021-05-05
Pl?tano de paseo,0.0,2021-05-06
Pl?tano de paseo,1.0,2021-05-07
Pl?tano de paseo,0.0,2021-05-08
Pl?tano de paseo,11.0,2021-05-09
Pl?tano de paseo,6.0,2021-05-10
Pl?tano de paseo,0.0,2021-05-11
Pl?tano de paseo,3.0,2021-05-12
Pl?tano de paseo,3.0,2021-05-13
Pl?tano de paseo,0.0,2021-05-14
Pl?tano de paseo,3.0,2021-05-15
Pl?tano de paseo,5.0,2021-05-16
Pl?tano de paseo,0.0,2021-05-17
Pl?tano de paseo,6.0,2021-05-18
Pl?tano de paseo,2.0,2021-05-19
Pl?tano de paseo,2.0,2021-05-20
Pl?tano de paseo,2.0,2021-05-21
Pl?tano de paseo,0.0,2021-05-22
Pl?tano de paseo,1.0,2021-05-23
Pl?tano de paseo,0.0,2021-05-24
Pl?tano de paseo,1.0,2021-05-25
Pl?tano de paseo,2.0,2021-05-26
Pl?tano de paseo,0.0,2021-05-27
Pl?tano de paseo,0.0,2021-05-28
Pl?tano de paseo,2.0,2021-05-29
Pl?tano de paseo,2.0,2021-05-30
Pl?tano de paseo,0.0,2021-05-31
Pl?tano de paseo,1.0,2021-06-01
Pl?tano de paseo,0.0,2021-06-02
Pl?tano de paseo,5.0,2021-06-03
Pl?tano de paseo,2.0,2021-06-04
Pl?tano de paseo,5.0,2021-06-05
Pl?tano de paseo,3.0,2021-06-06
Pl?tano de paseo,1.0,2021-06-07
Pl?tano de paseo,,2021-06-08
Pl?tano de paseo,2.0,2021-06-09
Pl?tano de paseo,1.0,2021-06-10
Pl?tano de paseo,8.0,2021-06-11
Pl?tano de paseo,2.0,2021-06-12
Pl?tano de paseo,4.0,2021-06-13
Pl?tano de paseo,2.0,2021-06-14
Pl?tano de paseo,1.0,2021-06-15
Pl?tano de paseo,1.0,2021-06-16
Pl?tano de paseo,0.0,2021-06-17
Pl?tano de paseo,2.0,2021-06-18
Pl?tano de paseo,0.0,2021-06-19
Pl?tano de paseo,0.0,2021-06-20
Pl?tano de paseo,1.0,2021-06-21
Pl?tano de paseo,0.0,2021-06-22
Pl?tano de paseo,0.0,2021-06-23
Pl?tano de paseo,0.0,2021-06-24
Pl?tano de paseo,1.0,2021-06-25
Pl?tano de paseo,2.0,2021-06-26
Pl?tano de paseo,3.0,2021-06-27
Pl?tano de paseo,1.0,2021-06-28
Pl?tano de paseo,,2021-06-29
Pl?tano de paseo,0.0,2021-06-30
Pl?tano de paseo,4.0,2021-07-01
Pl?tano de paseo,0.0,2021-07-02
Pl?tano de paseo,0.0,2021-07-03
Pl?tano de paseo,5.0,2021-07-04
Pl?tano de paseo,0.0,2021-07-05
Pl?tano de paseo,0.0,2021-07-06
Pl?tano de paseo,0.0,2021-07-07
Pl?tano de paseo,2.0,2021-07-08
Pl?tano de paseo,2.0,2021-07-09
Pl?tano de paseo,1.0,2021-07-10
Pl?tano de paseo,3.0,2021-07-11
Pl?tano de paseo,1.0,2021-07-12
Pl?tano de paseo,0.0,2021-07-13
Pl?tano de paseo,0.0,2021-07-14
Pl?tano de paseo,1.0,2021-07-15
Pl?tano de paseo,0.0,2021-07-16
Pl?tano de paseo,1.0,2021-07-17
Pl?tano de paseo,4.0,2021-07-18
Pl?tano de paseo,0.0,2021-07-19
Pl?tano de paseo,0.0,2021-07-20
Pl?tano de paseo,1.0,2021-07-21
Pl?tano de paseo,0.0,2021-07-22
Pl?tano de paseo,1.0,2021-07-23
Pl?tano de paseo,1.0,2021-07-24
Pl?tano de paseo,2.0,2021-07-25
Pl?tano de paseo,0.0,2021-07-26
Pl?tano de paseo,1.0,2021-07-27
Pl?tano de paseo,0.0,2021-07-28
Pl?tano de paseo,0.0,2021-07-29
Pl?tano de paseo,1.0,2021-07-30
Pl?tano de paseo,3.0,2021-07-31
Pl?tano de paseo,0.0,2021-08-01
Pl?tano de paseo,0.0,2021-08-02
Pl?tano de paseo,0.0,2021-08-03
Pl?tano de paseo,0.0,2021-08-04
Pl?tano de paseo,0.0,2021-08-05
Pl?tano de paseo,0.0,2021-08-06
Pl?tano de paseo,0.0,2021-08-07
Pl?tano de paseo,0.0,2021-08-08
Pl?tano de paseo,,2021-08-09
Pl?tano de paseo,,2021-08-10
Pl?tano de paseo,0.0,2021-08-11
Pl?tano de paseo,0.0,2021-08-12
Pl?tano de paseo,4.0,2021-08-13
Pl?tano de paseo,0.0,2021-08-14
Pl?tano de paseo,2.0,2021-08-15
Pl?tano de paseo,2.0,2021-08-16
Pl?tano de paseo,1.0,2021-08-17
Pl?tano de paseo,,2021-08-18
Pl?tano de paseo,,2021-08-19
Pl?tano de paseo,1.0,2021-08-20
Pl?tano de paseo,0.0,2021-08-21
Pl?tano de paseo,0.0,2021-08-22
Pl?tano de paseo,0.0,2021-08-23
Pl?tano de paseo,1.0,2021-08-24
Pl?tano de paseo,0.0,2021-08-25
Pl?tano de paseo,1.0,2021-08-26
Pl?tano de paseo,3.0,2021-08-27
Pl?tano de paseo,1.0,2021-08-28
Pl?tano de paseo,0.0,2021-08-29
Pl?tano de paseo,,2021-08-30
Pl?tano de paseo,,2021-08-31
Pl?tano de paseo,0.0,2021-09-01
Pl?tano de paseo,1.0,2021-09-02
Pl?tano de paseo,0.0,2021-09-03
Pl?tano de paseo,2.0,2021-09-04
Pl?tano de paseo,0.0,2021-09-05
Pl?tano de paseo,5.0,2021-09-06
Pl?tano de paseo,1.0,2021-09-07
Pl?tano de paseo,2.0,2021-09-08
Pl?tano de paseo,0.0,2021-09-09
Pl?tano de paseo,4.0,2021-09-10
Pl?tano de paseo,2.0,2021-09-11
Pl?tano de paseo,0.0,2021-09-12
Pl?tano de paseo,10.0,2021-09-13
Pl?tano de paseo,3.0,2021-09-14
Pl?tano de paseo,1.0,2021-09-15
Pl?tano de paseo,3.0,2021-09-16
Pl?tano de paseo,13.0,2021-09-17
Pl?tano de paseo,32.0,2021-09-18
Pl?tano de paseo,12.0,2021-09-19
Pl?tano de paseo,28.0,2021-09-20
Pl?tano de paseo,9.0,2021-09-21
Pl?tano de paseo,7.0,2021-09-22
Pl?tano de paseo,8.0,2021-09-23
Pl?tano de paseo,2.0,2021-09-24
Pl?tano de paseo,4.0,2021-09-25
Pl?tano de paseo,1.0,2021-09-26
Pl?tano de paseo,1.0,2021-09-27
Pl?tano de paseo,1.0,2021-09-28
Pl?tano de paseo,1.0,2021-09-29
Pl?tano de paseo,2.0,2021-09-30
Pl?tano de paseo,1.0,2021-10-01
Pl?tano de paseo,1.0,2021-10-02
Pl?tano de paseo,0.0,2021-10-03
Pl?tano de paseo,0.0,2021-10-04
Pl?tano de paseo,2.0,2021-10-05
Pl?tano de paseo,3.0,2021-10-06
Pl?tano de paseo,0.0,2021-10-07
Pl?tano de paseo,1.0,2021-10-08
Pl?tano de paseo,0.0,2021-10-09
Pl?tano de paseo,5.0,2021-10-10
Pl?tano de paseo,,2021-10-11
Pl?tano de paseo,,2021-10-12
Pl?tano de paseo,2.0,2021-10-13
Pl?tano de paseo,1.0,2021-10-14
Pl?tano de paseo,,2021-10-15
Pl?tano de paseo,,2021-10-16
Pl?tano de paseo,,2021-10-17
Pl?tano de paseo,0.0,2021-10-18
Pl?tano de paseo,1.0,2021-10-19
Pl?tano de paseo,1.0,2021-10-20
Pl?tano de paseo,0.0,2021-10-21
Pl?tano de paseo,1.0,2021-10-22
Pl?tano de paseo,1.0,2021-10-23
Pl?tano de paseo,1.0,2021-10-24
Pl?tano de paseo,0.0,2021-10-25
Pl?tano de paseo,0.0,2021-10-26
Pl?tano de paseo,1.0,2021-10-27
Pl?tano de paseo,0.0,2021-10-28
Pl?tano de paseo,1.0,2021-10-29
Pl?tano de paseo,1.0,2021-10-30
Pl?tano de paseo,0.0,2021-10-31
Pl?tano de paseo,0.0,2021-11-01
Pl?tano de paseo,0.0,2021-11-02
Pl?tano de paseo,0.0,2021-11-03
Pl?tano de paseo,0.0,2021-11-04
Pl?tano de paseo,0.0,2021-11-05
Pl?tano de paseo,0.0,2021-11-06
Pl?tano de paseo,0.0,2021-11-07
Pl?tano de paseo,0.0,2021-11-08
Pl?tano de paseo,0.0,2021-11-09
Pl?tano de paseo,0.0,2021-11-10
Pl?tano de paseo,0.0,2021-11-11
Pl?tano de paseo,0.0,2021-11-12
Pl?tano de paseo,0.0,2021-11-13
Pl?tano de paseo,0.0,2021-11-14
Pl?tano de paseo,0.0,2021-11-15
Pl?tano de paseo,0.0,2021-11-16
Pl?tano de paseo,0.0,2021-11-17
Pl?tano de paseo,0.0,2021-11-18
Pl?tano de paseo,0.0,2021-11-19
Pl?tano de paseo,0.0,2021-11-20
Pl?tano de paseo,0.0,2021-11-21
Pl?tano de paseo,0.0,2021-11-22
Pl?tano de paseo,0.0,2021-11-23
Pl?tano de paseo,0.0,2021-11-24
Pl?tano de paseo,1.0,2021-11-25
Pl?tano de paseo,0.0,2021-11-26
Pl?tano de paseo,0.0,2021-11-27
Pl?tano de paseo,2.0,2021-11-28
Pl?tano de paseo,0.0,2021-11-29
Pl?tano de paseo,0.0,2021-11-30
Pl?tano de paseo,1.0,2021-12-01
Pl?tano de paseo,1.0,2021-12-02
Pl?tano de paseo,0.0,2021-12-03
Pl?tano de paseo,0.0,2021-12-04
Pl?tano de paseo,,2021-12-05
Pl?tano de paseo,,2021-12-06
Pl?tano de paseo,,2021-12-07
Pl?tano de paseo,,2021-12-08
Pl?tano de paseo,,2021-12-09
Pl?tano de paseo,,2021-12-10
Pl?tano de paseo,,2021-12-11
Pl?tano de paseo,,2021-12-12
Pl?tano de paseo,0.0,2021-12-13
Pl?tano de paseo,0.0,2021-12-14
Pl?tano de paseo,0.0,2021-12-15
Pl?tano de paseo,0.0,2021-12-16
Pl?tano de paseo,,2021-12-17
Pl?tano de paseo,,2021-12-18
Pl?tano de paseo,,2021-12-19
Pl?tano de paseo,1.0,2021-12-20
Pl?tano de paseo,0.0,2021-12-21
Pl?tano de paseo,2.0,2021-12-22
Pl?tano de paseo,0.0,2021-12-23
Pl?tano de paseo,0.0,2021-12-24
Pl?tano de paseo,0.0,2021-12-25
Pl?tano de paseo,0.0,2021-12-26
Pl?tano de paseo,0.0,2021-12-27
Pl?tano de paseo,0.0,2021-12-28
Pl?tano de paseo,0.0,2021-12-29
Pl?tano de paseo,,2021-12-30
Pl?tano de paseo,,2021-12-31
Pl?tano de paseo,,2022-01-01
Pl?tano de paseo,,2022-01-02
Pl?tano de paseo,,2022-01-03
Pl?tano de paseo,,2022-01-04
Pl?tano de paseo,,2022-01-05
Pl?tano de paseo,,2022-01-06
Pl?tano de paseo,,2022-01-07
Pl?tano de paseo,,2022-01-08
Pl?tano de paseo,,2022-01-09
Pl?tano de paseo,,2022-01-10
Pl?tano de paseo,,2022-01-11
Pl?tano de paseo,,2022-01-12
Pl?tano de paseo,,2022-01-13
Pl?tano de paseo,,2022-01-14
Pl?tano de paseo,,2022-01-15
Pl?tano de paseo,,2022-01-16
Pl?tano de paseo,,2022-01-17
Pl?tano de paseo,,2022-01-18
Pl?tano de paseo,,2022-01-19
Pl?tano de paseo,,2022-01-20
Pl?tano de paseo,,2022-01-21
Pl?tano de paseo,,2022-01-22
Pl?tano de paseo,,2022-01-23
Pl?tano de paseo,,2022-01-24
Pl?tano de paseo,,2022-01-25
Pl?tano de paseo,,2022-01-26
Pl?tano de paseo,,2022-01-27
Pl?tano de paseo,,2022-01-28
Pl?tano de paseo,,2022-01-29
Pl?tano de paseo,,2022-01-30
Pl?tano de paseo,,2022-01-31
Pl?tano de paseo,,2022-02-01
Pl?tano de paseo,,2022-02-02
Pl?tano de paseo,,2022-02-03
Pl?tano de paseo,,2022-02-04
Pl?tano de paseo,0.0,2022-02-05
Pl?tano de paseo,0.0,2022-02-06
Pl?tano de paseo,2.0,2022-02-07
Pl?tano de paseo,0.0,2022-02-08
Pl?tano de paseo,0.0,2022-02-09
Pl?tano de paseo,0.0,2022-02-10
Pl?tano de paseo,0.0,2022-02-11
Pl?tano de paseo,0.0,2022-02-12
Pl?tano de paseo,0.0,2022-02-13
Pl?tano de paseo,1.0,2022-02-14
Pl?tano de paseo,0.0,2022-02-15
Pl?tano de paseo,0.0,2022-02-16
Pl?tano de paseo,0.0,2022-02-17
Pl?tano de paseo,2.0,2022-02-18
Pl?tano de paseo,1.0,2022-02-19
Pl?tano de paseo,0.0,2022-02-20
Pl?tano de paseo,1.0,2022-02-21
Pl?tano de paseo,0.0,2022-02-22
Pl?tano de paseo,0.0,2022-02-23
Pl?tano de paseo,0.0,2022-02-24
Pl?tano de paseo,1.0,2022-02-25
Pl?tano de paseo,0.0,2022-02-26
Pl?tano de paseo,0.0,2022-02-27
Pl?tano de paseo,0.0,2022-02-28
Pl?tano de paseo,0.0,2022-03-01
Pl?tano de paseo,1.0,2022-03-02
Pl?tano de paseo,0.0,2022-03-03
Pl?tano de paseo,0.0,2022-03-04
Pl?tano de paseo,1.0,2022-03-05
Pl?tano de paseo,8.0,2022-03-06
Pl?tano de paseo,0.0,2022-03-07
Pl?tano de paseo,,2022-03-08
Pl?tano de paseo,2.0,2022-03-09
Pl?tano de paseo,6.0,2022-03-10
Pl?tano de paseo,4.0,2022-03-11
Pl?tano de paseo,8.0,2022-03-12
Pl?tano de paseo,8.0,2022-03-13
Pl?tano de paseo,48.0,2022-03-14
Pl?tano de paseo,25.0,2022-03-15
Pl?tano de paseo,394.0,2022-03-16
Pl?tano de paseo,472.0,2022-03-17
Pl?tano de paseo,386.0,2022-03-18
Pl?tano de paseo,938.0,2022-03-19
Pl?tano de paseo,5008.0,2022-03-20
Pl?tano de paseo,977.0,2022-03-21
Pl?tano de paseo,1949.0,2022-03-22
Pl?tano de paseo,1152.0,2022-03-23
Pl?tano de paseo,553.0,2022-03-24
Pl?tano de paseo,642.0,2022-03-25
Pl?tano de paseo,1242.0,2022-03-26
Pl?tano de paseo,3882.0,2022-03-27
Pl?tano de paseo,2984.0,2022-03-28
Pl?tano de paseo,3541.0,2022-03-29
Pl?tano de paseo,1394.0,2022-03-30
Pl?tano de paseo,1621.0,2022-03-31
Pl?tano de paseo,1161.0,2022-04-01
Pl?tano de paseo,313.0,2022-04-02
Pl?tano de paseo,381.0,2022-04-03
Pl?tano de paseo,346.0,2022-04-04
Pl?tano de paseo,158.0,2022-04-05
Pl?tano de paseo,565.0,2022-04-06
Pl?tano de paseo,593.0,2022-04-07
Pl?tano de paseo,365.0,2022-04-08
Pl?tano de paseo,244.0,2022-04-09
Pl?tano de paseo,1981.0,2022-04-10
Pl?tano de paseo,1634.0,2022-04-11
Pl?tano de paseo,341.0,2022-04-12
Pl?tano de paseo,,2022-04-13
Pl?tano de paseo,,2022-04-14
Pl?tano de paseo,,2022-04-15
Pl?tano de paseo,,2022-04-16
Pl?tano de paseo,,2022-04-17
Pl?tano de paseo,,2022-04-18
Pl?tano de paseo,,2022-04-19
Pl?tano de paseo,210.0,2022-04-20
Pl?tano de paseo,35.0,2022-04-21
Pl?tano de paseo,38.0,2022-04-22
Pl?tano de paseo,52.0,2022-04-23
Pl?tano de paseo,36.0,2022-04-24
Pl?tano de paseo,55.0,2022-04-25
Pl?tano de paseo,83.0,2022-04-26
Pl?tano de paseo,21.0,2022-04-27
Pl?tano de paseo,21.0,2022-04-28
Pl?tano de paseo,26.0,2022-04-29
Pl?tano de paseo,17.0,2022-04-30
Pl?tano de paseo,24.0,2022-05-01
Pl?tano de paseo,15.0,2022-05-02
Pl?tano de paseo,30.0,2022-05-03
Pl?tano de paseo,9.0,2022-05-04
Pl?tano de paseo,,2022-05-05
Pl?tano de paseo,4.0,2022-05-06
Pl?tano de paseo,8.0,2022-05-07
Pl?tano de paseo,14.0,2022-05-08
Pl?tano de paseo,9.0,2022-05-09
Pl?tano de paseo,6.0,2022-05-10
Pl?tano de paseo,5.0,2022-05-11
Pl?tano de paseo,4.0,2022-05-12
Pl?tano de paseo,4.0,2022-05-13
Pl?tano de paseo,22.0,2022-05-14
Pl?tano de paseo,18.0,2022-05-15
Pl?tano de paseo,6.0,2022-05-16
Pl?tano de paseo,4.0,2022-05-17
Pl?tano de paseo,5.0,2022-05-18
Pl?tano de paseo,25.0,2022-05-19
Pl?tano de paseo,13.0,2022-05-20
Pl?tano de paseo,25.0,2022-05-21
Pl?tano de paseo,19.0,2022-05-22
Pl?tano de paseo,6.0,2022-05-23
Pl?tano de paseo,17.0,2022-05-24
Pl?tano de paseo,,2022-05-25
Pl?tano de paseo,6.0,2022-05-26
Pl?tano de paseo,5.0,2022-05-27
Pl?tano de paseo,15.0,2022-05-28
Pl?tano de paseo,11.0,2022-05-29
Pl?tano de paseo,15.0,2022-05-30
Pl?tano de paseo,12.0,2022-05-31
Pl?tano de paseo,7.0,2022-06-01
Pl?tano de paseo,8.0,2022-06-02
Pl?tano de paseo,0.0,2022-06-03
Pl?tano de paseo,4.0,2022-06-04
Pl?tano de paseo,1.0,2022-06-05
Pl?tano de paseo,3.0,2022-06-06
Pl?tano de paseo,9.0,2022-06-07
Pl?tano de paseo,14.0,2022-06-08
Pl?tano de paseo,9.0,2022-06-09
Pl?tano de paseo,8.0,2022-06-10
Pl?tano de paseo,7.0,2022-06-11
Pl?tano de paseo,7.0,2022-06-12
Pl?tano de paseo,6.0,2022-06-13
Pl?tano de paseo,7.0,2022-06-14
Pl?tano de paseo,11.0,2022-06-15
Pl?tano de paseo,7.0,2022-06-16
Pl?tano de paseo,16.0,2022-06-17
Pl?tano de paseo,15.0,2022-06-18
Pl?tano de paseo,7.0,2022-06-19
Pl?tano de paseo,10.0,2022-06-20
Pl?tano de paseo,12.0,2022-06-21
Pl?tano de paseo,5.0,2022-06-22
Pl?tano de paseo,4.0,2022-06-23
Pl?tano de paseo,1.0,2022-06-24
Pl?tano de paseo,9.0,2022-06-25
Pl?tano de paseo,4.0,2022-06-26
Pl?tano de paseo,1.0,2022-06-27
Pl?tano de paseo,6.0,2022-06-28
Pl?tano de paseo,12.0,2022-06-29
Pl?tano de paseo,12.0,2022-06-30
Pl?tano de paseo,10.0,2022-07-01
Pl?tano de paseo,4.0,2022-07-02
Pl?tano de paseo,2.0,2022-07-03
Pl?tano de paseo,2.0,2022-07-04
Pl?tano de paseo,6.0,2022-07-05
Pl?tano de paseo,3.0,2022-07-06
Pl?tano de paseo,6.0,2022-07-07
Pl?tano de paseo,4.0,2022-07-08
Pl?tano de paseo,4.0,2022-07-09
Pl?tano de paseo,4.0,2022-07-10
Pl?tano de paseo,2.0,2022-07-11
Pl?tano de paseo,0.0,2022-07-12
Pl?tano de paseo,0.0,2022-07-13
Pl?tano de paseo,4.0,2022-07-14
Pl?tano de paseo,3.0,2022-07-15
Pl?tano de paseo,2.0,2022-07-16
Pl?tano de paseo,2.0,2022-07-17
Pl?tano de paseo,4.0,2022-07-18
Pl?tano de paseo,1.0,2022-07-19
Pl?tano de paseo,3.0,2022-07-20
Pl?tano de paseo,2.0,2022-07-21
Pl?tano de paseo,5.0,2022-07-22
Pl?tano de paseo,7.0,2022-07-23
Pl?tano de paseo,5.0,2022-07-24
Pl?tano de paseo,1.0,2022-07-25
Pl?tano de paseo,6.0,2022-07-26
Pl?tano de paseo,0.0,2022-07-27
Pl?tano de paseo,0.0,2022-07-28
Pl?tano de paseo,,2022-07-29
Pl?tano de paseo,2.0,2022-07-30
Pl?tano de paseo,1.0,2022-07-31
Pl?tano de paseo,3.0,2022-08-01
Pl?tano de paseo,1.0,2022-08-02
Pl?tano de paseo,7.0,2022-08-03
Pl?tano de paseo,,2022-08-04
Pl?tano de paseo,,2022-08-05
Pl?tano de paseo,,2022-08-06
Pl?tano de paseo,,2022-08-07
Pl?tano de paseo,,2022-08-08
Pl?tano de paseo,1.0,2022-08-09
Pl?tano de paseo,1.0,2022-08-10
Pl?tano de paseo,0.0,2022-08-11
Pl?tano de paseo,0.0,2022-08-12
Pl?tano de paseo,3.0,2022-08-13
Pl?tano de paseo,3.0,2022-08-14
Pl?tano de paseo,2.0,2022-08-15
Pl?tano de paseo,,2022-08-16
Pl?tano de paseo,,2022-08-17
Pl?tano de paseo,,2022-08-18
Pl?tano de paseo,,2022-08-19
Pl?tano de paseo,,2022-08-20
Pl?tano de paseo,,2022-08-21
Pl?tano de paseo,,2022-08-22
Pl?tano de paseo,,2022-08-23
Pl?tano de paseo,,2022-08-24
Pl?tano de paseo,,2022-08-25
Pl?tano de paseo,,2022-08-26
Pl?tano de paseo,,2022-08-27
Pl?tano de paseo,,2022-08-28
Pl?tano de paseo,1.0,2022-08-29
Pl?tano de paseo,2.0,2022-08-30
Pl?tano de paseo,1.0,2022-08-31
Pl?tano de paseo,0.0,2022-09-01
Pl?tano de paseo,1.0,2022-09-02
Pl?tano de paseo,1.0,2022-09-03
Pl?tano de paseo,2.0,2022-09-04
Pl?tano de paseo,0.0,2022-09-05
Pl?tano de paseo,4.0,2022-09-06
Pl?tano de paseo,0.0,2022-09-07
Pl?tano de paseo,0.0,2022-09-08
Pl?tano de paseo,4.0,2022-09-09
Pl?tano de paseo,4.0,2022-09-10
Pl?tano de paseo,2.0,2022-09-11
Pl?tano de paseo,4.0,2022-09-12
Pl?tano de paseo,5.0,2022-09-13
Pl?tano de paseo,1.0,2022-09-14
Pl?tano de paseo,0.0,2022-09-15
Pl?tano de paseo,1.0,2022-09-16
Pl?tano de paseo,0.0,2022-09-17
Pl?tano de paseo,1.0,2022-09-18
Pl?tano de paseo,2.0,2022-09-19
Pl?tano de paseo,0.0,2022-09-20
Pl?tano de paseo,1.0,2022-09-21
Pl?tano de paseo,0.0,2022-09-22
Pl?tano de paseo,0.0,2022-09-23
Pl?tano de paseo,1.0,2022-09-24
Pl?tano de paseo,1.0,2022-09-25
Pl?tano de paseo,0.0,2022-09-26
Pl?tano de paseo,0.0,2022-09-27
Pl?tano de paseo,0.0,2022-09-28
Pl?tano de paseo,1.0,2022-09-29
Pl?tano de paseo,3.0,2022-09-30
Pl?tano de paseo,0.0,2022-10-01
Pl?tano de paseo,2.0,2022-10-02
Pl?tano de paseo,3.0,2022-10-03
Pl?tano de paseo,7.0,2022-10-04
Pl?tano de paseo,3.0,2022-10-05
Pl?tano de paseo,18.0,2022-10-06
Pl?tano de paseo,6.0,2022-10-07
Pl?tano de paseo,17.0,2022-10-08
Pl?tano de paseo,5.0,2022-10-09
Pl?tano de paseo,10.0,2022-10-10
Pl?tano de paseo,0.0,2022-10-11
Pl?tano de paseo,1.0,2022-10-12
Pl?tano de paseo,3.0,2022-10-13
Pl?tano de paseo,2.0,2022-10-14
Pl?tano de paseo,1.0,2022-10-15
Pl?tano de paseo,1.0,2022-10-16
Pl?tano de paseo,3.0,2022-10-17
Pl?tano de paseo,1.0,2022-10-18
Pl?tano de paseo,6.0,2022-10-19
Pl?tano de paseo,1.0,2022-10-20
Pl?tano de paseo,1.0,2022-10-21
Pl?tano de paseo,1.0,2022-10-22
Pl?tano de paseo,1.0,2022-10-23
Pl?tano de paseo,1.0,2022-10-24
Pl?tano de paseo,0.0,2022-10-25
Pl?tano de paseo,0.0,2022-10-26
Pl?tano de paseo,1.0,2022-10-27
Pl?tano de paseo,0.0,2022-10-28
Pl?tano de paseo,0.0,2022-10-29
Pl?tano de paseo,0.0,2022-10-30
Pl?tano de paseo,0.0,2022-10-31
Pl?tano de paseo,0.0,2022-11-01
Pl?tano de paseo,0.0,2022-11-02
Pl?tano de paseo,0.0,2022-11-03
Pl?tano de paseo,0.0,2022-11-04
Pl?tano de paseo,0.0,2022-11-05
Pl?tano de paseo,1.0,2022-11-06
Pl?tano de paseo,1.0,2022-11-07
Pl?tano de paseo,0.0,2022-11-08
Pl?tano de paseo,0.0,2022-11-09
Pl?tano de paseo,0.0,2022-11-10
Pl?tano de paseo,0.0,2022-11-11
Pl?tano de paseo,2.0,2022-11-12
Pl?tano de paseo,0.0,2022-11-13
Pl?tano de paseo,0.0,2022-11-14
Pl?tano de paseo,0.0,2022-11-15
Pl?tano de paseo,0.0,2022-11-16
Pl?tano de paseo,0.0,2022-11-17
Pl?tano de paseo,1.0,2022-11-18
Pl?tano de paseo,0.0,2022-11-19
Pl?tano de paseo,1.0,2022-11-20
Pl?tano de paseo,0.0,2022-11-21
Pl?tano de paseo,0.0,2022-11-22
Pl?tano de paseo,0.0,2022-11-23
Pl?tano de paseo,0.0,2022-11-24
Pl?tano de paseo,0.0,2022-11-25
Pl?tano de paseo,0.0,2022-11-26
Pl?tano de paseo,0.0,2022-11-27
Pl?tano de paseo,0.0,2022-11-28
Pl?tano de paseo,0.0,2022-11-29
Pl?tano de paseo,1.0,2022-11-30
Pl?tano de paseo,1.0,2022-12-01
Pl?tano de paseo,0.0,2022-12-02
Pl?tano de paseo,0.0,2022-12-03
Pl?tano de paseo,0.0,2022-12-04
Pl?tano de paseo,0.0,2022-12-05
Pl?tano de paseo,0.0,2022-12-06
Pl?tano de paseo,0.0,2022-12-07
Pl?tano de paseo,0.0,2022-12-08
Pl?tano de paseo,0.0,2022-12-09
Pl?tano de paseo,0.0,2022-12-10
Pl?tano de paseo,0.0,2022-12-11
Pl?tano de paseo,0.0,2022-12-12
Pl?tano de paseo,0.0,2022-12-13
Pl?tano de paseo,0.0,2022-12-14
Pl?tano de paseo,0.0,2022-12-15
Pl?tano de paseo,0.0,2022-12-16
Pl?tano de paseo,0.0,2022-12-17
Pl?tano de paseo,0.0,2022-12-18
Pl?tano de paseo,0.0,2022-12-19
Pl?tano de paseo,0.0,2022-12-20
Pl?tano de paseo,0.0,2022-12-21
Pl?tano de paseo,0.0,2022-12-22
Pl?tano de paseo,0.0,2022-12-23
Pl?tano de paseo,0.0,2022-12-24
Pl?tano de paseo,0.0,2022-12-25
Pl?tano de paseo,0.0,2022-12-26
Pl?tano de paseo,0.0,2022-12-27
Pl?tano de paseo,0.0,2022-12-28
Pl?tano de paseo,0.0,2022-12-29
Pl?tano de paseo,0.0,2022-12-30
Pl?tano de paseo,0.0,2022-12-31
Pl?tano de paseo,0.0,2023-01-01
Pl?tano de paseo,0.0,2023-01-02
Pl?tano de paseo,0.0,2023-01-03
Pl?tano de paseo,0.0,2023-01-04
Pl?tano de paseo,0.0,2023-01-05
Pl?tano de paseo,0.0,2023-01-06
Pl?tano de paseo,0.0,2023-01-07
Pl?tano de paseo,0.0,2023-01-08
Pl?tano de paseo,0.0,2023-01-09
Pl?tano de paseo,0.0,2023-01-10
Pl?tano de paseo,0.0,2023-01-11
Pl?tano de paseo,0.0,2023-01-12
Pl?tano de paseo,0.0,2023-01-13
Pl?tano de paseo,0.0,2023-01-14
Pl?tano de paseo,0.0,2023-01-15
Pl?tano de paseo,0.0,2023-01-16
Pl?tano de paseo,0.0,2023-01-17
Pl?tano de paseo,0.0,2023-01-18
Pl?tano de paseo,0.0,2023-01-19
Pl?tano de paseo,0.0,2023-01-20
Pl?tano de paseo,0.0,2023-01-21
Pl?tano de paseo,0.0,2023-01-22
Pl?tano de paseo,0.0,2023-01-23
Pl?tano de paseo,0.0,2023-01-24
Pl?tano de paseo,0.0,2023-01-25
Pl?tano de paseo,0.0,2023-01-26
Pl?tano de paseo,0.0,2023-01-27
Pl?tano de paseo,0.0,2023-01-28
Pl?tano de paseo,0.0,2023-01-29
Pl?tano de paseo,0.0,2023-01-30
Pl?tano de paseo,0.0,2023-01-31
Pl?tano de paseo,0.0,2023-02-01
Pl?tano de paseo,0.0,2023-02-02
Pl?tano de paseo,0.0,2023-02-03
Pl?tano de paseo,0.0,2023-02-04
Pl?tano de paseo,0.0,2023-02-05
Pl?tano de paseo,0.0,2023-02-06
Pl?tano de paseo,0.0,2023-02-07
Pl?tano de paseo,0.0,2023-02-08
Pl?tano de paseo,0.0,2023-02-09
Pl?tano de paseo,0.0,2023-02-10
Pl?tano de paseo,0.0,2023-02-11
Pl?tano de paseo,0.0,2023-02-12
Pl?tano de paseo,0.0,2023-02-13
Pl?tano de paseo,0.0,2023-02-14
Pl?tano de paseo,0.0,2023-02-15
Pl?tano de paseo,0.0,2023-02-16
Pl?tano de paseo,0.0,2023-02-17
Pl?tano de paseo,0.0,2023-02-18
Pl?tano de paseo,0.0,2023-02-19
Pl?tano de paseo,0.0,2023-02-20
Pl?tano de paseo,0.0,2023-02-21
Pl?tano de paseo,0.0,2023-02-22
Pl?tano de paseo,0.0,2023-02-23
Pl?tano de paseo,0.0,2023-02-24
Pl?tano de paseo,0.0,2023-02-25
Pl?tano de paseo,0.0,2023-02-26
Pl?tano de paseo,0.0,2023-02-27
Pl?tano de paseo,0.0,2023-02-28
Pl?tano de paseo,0.0,2023-03-01
Pl?tano de paseo,0.0,2023-03-02
Pl?tano de paseo,0.0,2023-03-03
Pl?tano de paseo,0.0,2023-03-04
Pl?tano de paseo,0.0,2023-03-05
Pl?tano de paseo,0.0,2023-03-06
Pl?tano de paseo,0.0,2023-03-07
Pl?tano de paseo,0.0,2023-03-08
Pl?tano de paseo,0.0,2023-03-09
Pl?tano de paseo,0.0,2023-03-10
Pl?tano de paseo,0.0,2023-03-11
Pl?tano de paseo,0.0,2023-03-12
Pl?tano de paseo,0.0,2023-03-13
Pl?tano de paseo,0.0,2023-03-14
Pl?tano de paseo,0.0,2023-03-15
Pl?tano de paseo,18.0,2023-03-16
Pl?tano de paseo,35.0,2023-03-17
Pl?tano de paseo,30.0,2023-03-18
Pl?tano de paseo,207.0,2023-03-19
Pl?tano de paseo,351.0,2023-03-20
Pl?tano de paseo,926.0,2023-03-21
Pl?tano de paseo,2005.0,2023-03-22
Pl?tano de paseo,1790.0,2023-03-23
Pl?tano de paseo,1204.0,2023-03-24
Pl?tano de paseo,2128.0,2023-03-25
Pl?tano de paseo,1717.0,2023-03-26
Pl?tano de paseo,893.0,2023-03-27
Pl?tano de paseo,1780.0,2023-03-28
Pl?tano de paseo,2852.0,2023-03-29
Pl?tano de paseo,647.0,2023-03-30
Pl?tano de paseo,647.0,2023-03-31
Pl?tano de paseo,1135.0,2023-04-01
Pl?tano de paseo,271.0,2023-04-02
Pl?tano de paseo,314.0,2023-04-03
Pl?tano de paseo,513.0,2023-04-04
Pl?tano de paseo,122.0,2023-04-05
Pl?tano de paseo,262.0,2023-04-06
Pl?tano de paseo,354.0,2023-04-07
Pl?tano de paseo,256.0,2023-04-08
Pl?tano de paseo,315.0,2023-04-09
Pl?tano de paseo,250.0,2023-04-10
Pl?tano de paseo,169.0,2023-04-11
Pl?tano de paseo,135.0,2023-04-12
Pl?tano de paseo,83.0,2023-04-13
Pl?tano de paseo,76.0,2023-04-14
Pl?tano de paseo,143.0,2023-04-15
Pl?tano de paseo,79.0,2023-04-16
Pl?tano de paseo,40.0,2023-04-17
Pl?tano de paseo,43.0,2023-04-18
Pl?tano de paseo,38.0,2023-04-19
Pl?tano de paseo,23.0,2023-04-20
Pl?tano de paseo,11.0,2023-04-21
Pl?tano de paseo,12.0,2023-04-22
Pl?tano de paseo,12.0,2023-04-23
Pl?tano de paseo,8.0,2023-04-24
Pl?tano de paseo,4.0,2023-04-25
Pl?tano de paseo,7.0,2023-04-26
Pl?tano de paseo,2.0,2023-04-27
Pl?tano de paseo,5.0,2023-04-28
Pl?tano de paseo,3.0,2023-04-29
Pl?tano de paseo,9.0,2023-04-30
Pl?tano de paseo,4.0,2023-05-01
Pl?tano de paseo,5.0,2023-05-02
Pl?tano de paseo,3.0,2023-05-03
Pl?tano de paseo,7.0,2023-05-04
Pl?tano de paseo,2.0,2023-05-05
Pl?tano de paseo,4.0,2023-05-06
Pl?tano de paseo,4.0,2023-05-07
Pl?tano de paseo,3.0,2023-05-08
Pl?tano de paseo,3.0,2023-05-09
Pl?tano de paseo,3.0,2023-05-10
Pl?tano de paseo,1.0,2023-05-11
Pl?tano de paseo,3.0,2023-05-12
Pl?tano de paseo,1.0,2023-05-13
Pl?tano de paseo,0.0,2023-05-14
Pl?tano de paseo,6.0,2023-05-15
Pl?tano de paseo,1.0,2023-05-16
Pl?tano de paseo,3.0,2023-05-17
Pl?tano de paseo,0.0,2023-05-18
Pl?tano de paseo,1.0,2023-05-19
Pl?tano de paseo,3.0,2023-05-20
Pl?tano de paseo,2.0,2023-05-21
Pl?tano de paseo,2.0,2023-05-22
Pl?tano de paseo,0.0,2023-05-23
Pl?tano de paseo,0.0,2023-05-24
Pl?tano de paseo,0.0,2023-05-25
Pl?tano de paseo,1.0,2023-05-26
Pl?tano de paseo,0.0,2023-05-27
Pl?tano de paseo,0.0,2023-05-28
Pl?tano de paseo,0.0,2023-05-29
Pl?tano de paseo,0.0,2023-05-30
Pl?tano de paseo,0.0,2023-05-31
Pl?tano de paseo,0.0,2023-06-01
Pl?tano de paseo,0.0,2023-06-02
Pl?tano de paseo,0.0,2023-06-03
Pl?tano de paseo,0.0,2023-06-04
Pl?tano de paseo,0.0,2023-06-05
Pl?tano de paseo,0.0,2023-06-06
Pl?tano de paseo,1.0,2023-06-07
Pl?tano de paseo,0.0,2023-06-08
Pl?tano de paseo,0.0,2023-06-09
Pl?tano de paseo,0.0,2023-06-10
Pl?tano de paseo,0.0,2023-06-11
Pl?tano de paseo,1.0,2023-06-12
Pl?tano de paseo,0.0,2023-06-13
Pl?tano de paseo,0.0,2023-06-14
Pl?tano de paseo,0.0,2023-06-15
Pl?tano de paseo,0.0,2023-06-16
Pl?tano de paseo,1.0,2023-06-17
Pl?tano de paseo,0.0,2023-06-18
Pl?tano de paseo,1.0,2023-06-19
Pl?tano de paseo,1.0,2023-06-20
Pl?tano de paseo,0.0,2023-06-21
Pl?tano de paseo,0.0,2023-06-22
Pl?tano de paseo,0.0,2023-06-23
Pl?tano de paseo,0.0,2023-06-24
Pl?tano de paseo,0.0,2023-06-25
Pl?tano de paseo,0.0,2023-06-26
Pl?tano de paseo,0.0,2023-06-27
Pl?tano de paseo,0.0,2023-06-28
Pl?tano de paseo,0.0,2023-06-29
Pl?tano de paseo,0.0,2023-06-30
Pl?tano de paseo,0.0,2023-07-01
Pl?tano de paseo,0.0,2023-07-02
Pl?tano de paseo,0.0,2023-07-03
Pl?tano de paseo,0.0,2023-07-04
Pl?tano de paseo,0.0,2023-07-05
Pl?tano de paseo,0.0,2023-07-06
Pl?tano de paseo,0.0,2023-07-07
Pl?tano de paseo,0.0,2023-07-08
Pl?tano de paseo,0.0,2023-07-09
Pl?tano de paseo,0.0,2023-07-10
Pl?tano de paseo,0.0,2023-07-11
Pl?tano de paseo,0.0,2023-07-12
Pl?tano de paseo,0.0,2023-07-13
Pl?tano de paseo,0.0,2023-07-14
Pl?tano de paseo,0.0,2023-07-15
Pl?tano de paseo,0.0,2023-07-16
Pl?tano de paseo,0.0,2023-07-17
Pl?tano de paseo,0.0,2023-07-18
Pl?tano de paseo,0.0,2023-07-19
Pl?tano de paseo,0.0,2023-07-20
Pl?tano de paseo,0.0,2023-07-21
Pl?tano de paseo,0.0,2023-07-22
Pl?tano de paseo,0.0,2023-07-23
Pl?tano de paseo,0.0,2023-07-24
Pl?tano de paseo,0.0,2023-07-25
Pl?tano de paseo,0.0,2023-07-26
Pl?tano de paseo,0.0,2023-07-27
Pl?tano de paseo,0.0,2023-07-28
Pl?tano de paseo,0.0,2023-07-29
Pl?tano de paseo,0.0,2023-07-30
Pl?tano de paseo,0.0,2023-07-31
Pl?tano de paseo,0.0,2023-08-01
Pl?tano de paseo,0.0,2023-08-02
Pl?tano de paseo,0.0,2023-08-03
Pl?tano de paseo,1.0,2023-08-04
Pl?tano de paseo,1.0,2023-08-05
Pl?tano de paseo,0.0,2023-08-06
Pl?tano de paseo,0.0,2023-08-07
Pl?tano de paseo,0.0,2023-08-08
Pl?tano de paseo,0.0,2023-08-09
Pl?tano de paseo,0.0,2023-08-10
Pl?tano de paseo,0.0,2023-08-11
Pl?tano de paseo,0.0,2023-08-12
Pl?tano de paseo,0.0,2023-08-13
Pl?tano de paseo,0.0,2023-08-14
Pl?tano de paseo,0.0,2023-08-15
Pl?tano de paseo,0.0,2023-08-16
Pl?tano de paseo,0.0,2023-08-17
Pl?tano de paseo,,2023-08-18
Pl?tano de paseo,,2023-08-19
Pl?tano de paseo,,2023-08-20
Pl?tano de paseo,,2023-08-21
Pl?tano de paseo,,2023-08-22
Pl?tano de paseo,,2023-08-23
Pl?tano de paseo,0.0,2023-08-24
Pl?tano de paseo,0.0,2023-08-25
Pl?tano de paseo,0.0,2023-08-26
Pl?tano de paseo,0.0,2023-08-27
Pl?tano de paseo,0.0,2023-08-28
Pl?tano de paseo,0.0,2023-08-29
Pl?tano de paseo,0.0,2023-08-30
Pl?tano de paseo,0.0,2023-08-31
Pl?tano de paseo,0.0,2023-09-01
Pl?tano de paseo,0.0,2023-09-02
Pl?tano de paseo,0.0,2023-09-03
Pl?tano de paseo,0.0,2023-09-04
Pl?tano de paseo,0.0,2023-09-05
Pl?tano de paseo,0.0,2023-09-06
Pl?tano de paseo,0.0,2023-09-07
Pl?tano de paseo,0.0,2023-09-08
Pl?tano de paseo,0.0,2023-09-09
Pl?tano de paseo,0.0,2023-09-10
Pl?tano de paseo,0.0,2023-09-11
Pl?tano de paseo,0.0,2023-09-12
Pl?tano de paseo,0.0,2023-09-13
Pl?tano de paseo,0.0,2023-09-14
Pl?tano de paseo,0.0,2023-09-15
Pl?tano de paseo,0.0,2023-09-16
Pl?tano de paseo,0.0,2023-09-17
Pl?tano de paseo,1.0,2023-09-18
Pl?tano de paseo,0.0,2023-09-19
Pl?tano de paseo,5.0,2023-09-20
Pl?tano de paseo,5.0,2023-09-21
Pl?tano de paseo,5.0,2023-09-22
Pl?tano de paseo,9.0,2023-09-23
Pl?tano de paseo,10.0,2023-09-24
Pl?tano de paseo,33.0,2023-09-25
Pl?tano de paseo,19.0,2023-09-26
Pl?tano de paseo,34.0,2023-09-27
Pl?tano de paseo,17.0,2023-09-28
Pl?tano de paseo,7.0,2023-09-29
Pl?tano de paseo,4.0,2023-09-30
Pl?tano de paseo,4.0,2023-10-01
Pl?tano de paseo,6.0,2023-10-02
Pl?tano de paseo,9.0,2023-10-03
Pl?tano de paseo,5.0,2023-10-04
Pl?tano de paseo,8.0,2023-10-05
Pl?tano de paseo,2.0,2023-10-06
Pl?tano de paseo,10.0,2023-10-07
Pl?tano de paseo,3.0,2023-10-08
Pl?tano de paseo,2.0,2023-10-09
Pl?tano de paseo,0.0,2023-10-10
Pl?tano de paseo,0.0,2023-10-11
Pl?tano de paseo,2.0,2023-10-12
Pl?tano de paseo,2.0,2023-10-13
Pl?tano de paseo,4.0,2023-10-14
Pl?tano de paseo,0.0,2023-10-15
Pl?tano de paseo,4.0,2023-10-16
Pl?tano de paseo,7.0,2023-10-17
Pl?tano de paseo,0.0,2023-10-18
Pl?tano de paseo,1.0,2023-10-19
Pl?tano de paseo,0.0,2023-10-20
Pl?tano de paseo,0.0,2023-10-21
Pl?tano de paseo,1.0,2023-10-22
Pl?tano de paseo,0.0,2023-10-23
Pl?tano de paseo,0.0,2023-10-24
Pl?tano de paseo,0.0,2023-10-25
Pl?tano de paseo,0.0,2023-10-26
Pl?tano de paseo,0.0,2023-10-27
Pl?tano de paseo,0.0,2023-10-28
Pl?tano de paseo,0.0,2023-10-29
Pl?tano de paseo,0.0,2023-10-30
Pl?tano de paseo,0.0,2023-10-31
Pl?tano de paseo,0.0,2023-11-01
Pl?tano de paseo,0.0,2023-11-02
Pl?tano de paseo,0.0,2023-11-03
Pl?tano de paseo,0.0,2023-11-04
Pl?tano de paseo,0.0,2023-11-05
Pl?tano de paseo,0.0,2023-11-06
Pl?tano de paseo,0.0,2023-11-07
Pl?tano de paseo,0.0,2023-11-08
Pl?tano de paseo,0.0,2023-11-09
Pl?tano de paseo,0.0,2023-11-10
Pl?tano de paseo,0.0,2023-11-11
Pl?tano de paseo,0.0,2023-11-12
Pl?tano de paseo,0.0,2023-11-13
Pl?tano de paseo,0.0,2023-11-14
Pl?tano de paseo,0.0,2023-11-15
Pl?tano de paseo,0.0,2023-11-16
Pl?tano de paseo,0.0,2023-11-17
Pl?tano de paseo,0.0,2023-11-18
Pl?tano de paseo,0.0,2023-11-19
Pl?tano de paseo,1.0,2023-11-20
Pl?tano de paseo,0.0,2023-11-21
Pl?tano de paseo,0.0,2023-11-22
Pl?tano de paseo,0.0,2023-11-23
Pl?tano de paseo,0.0,2023-11-24
Pl?tano de paseo,0.0,2023-11-25
Pl?tano de paseo,0.0,2023-11-26
Pl?tano de paseo,0.0,2023-11-27
Pl?tano de paseo,0.0,2023-11-28
Pl?tano de paseo,0.0,2023-11-29
Pl?tano de paseo,0.0,2023-11-30
Pl?tano de paseo,0.0,2023-12-01
Pl?tano de paseo,0.0,2023-12-02
Pl?tano de paseo,0.0,2023-12-03
Pl?tano de paseo,0.0,2023-12-04
Pl?tano de paseo,0.0,2023-12-05
Pl?tano de paseo,0.0,2023-12-06
Pl?tano de paseo,0.0,2023-12-07
Pl?tano de paseo,0.0,2023-12-08
Pl?tano de paseo,0.0,2023-12-09
Pl?tano de paseo,0.0,2023-12-10
Pl?tano de paseo,0.0,2023-12-11
Pl?tano de paseo,0.0,2023-12-12
Pl?tano de paseo,0.0,2023-12-13
Pl?tano de paseo,0.0,2023-12-14
Pl?tano de paseo,0.0,2023-12-15
Pl?tano de paseo,0.0,2023-12-16
Pl?tano de paseo,0.0,2023-12-17
Pl?tano de paseo,0.0,2023-12-18
Pl?tano de paseo,0.0,2023-12-19
Pl?tano de paseo,1.0,2023-12-20
Pl?tano de paseo,0.0,2023-12-21
Pl?tano de paseo,0.0,2023-12-22
Pl?tano de paseo,0.0,2023-12-23
Pl?tano de paseo,0.0,2023-12-24
Pl?tano de paseo,0.0,2023-12-25
Pl?tano de paseo,0.0,2023-12-26
Pl?tano de paseo,0.0,2023-12-27
Pl?tano de paseo,0.0,2023-12-28
Pl?tano de paseo,0.0,2023-12-29
Pl?tano de paseo,0.0,2023-12-30
Pl?tano de paseo,0.0,2023-12-31
Plátano de paseo,0.0,2024-01-01
Plátano de paseo,0.0,2024-01-02
Plátano de paseo,0.0,2024-01-03
Plátano de paseo,0.0,2024-01-04
Plátano de paseo,0.0,2024-01-05
Plátano de paseo,0.0,2024-01-06
Plátano de paseo,0.0,2024-01-07
Plátano de paseo,0.0,2024-01-08
Plátano de paseo,0.0,2024-01-09
Plátano de paseo,0.0,2024-01-10
Plátano de paseo,0.0,2024-01-11
Plátano de paseo,0.0,2024-01-12
Plátano de paseo,0.0,2024-01-13
Plátano de paseo,0.0,2024-01-14
Plátano de paseo,0.0,2024-01-15
Plátano de paseo,0.0,2024-01-16
Plátano de paseo,0.0,2024-01-17
Plátano de paseo,0.0,2024-01-18
Plátano de paseo,0.0,2024-01-19
Plátano de paseo,0.0,2024-01-20
Plátano de paseo,0.0,2024-01-21
Plátano de paseo,0.0,2024-01-22
Plátano de paseo,0.0,2024-01-23
Plátano de paseo,0.0,2024-01-24
Plátano de paseo,0.0,2024-01-25
Plátano de paseo,0.0,2024-01-26
Plátano de paseo,0.0,2024-01-27
Plátano de paseo,0.0,2024-01-28
Plátano de paseo,0.0,2024-01-29
Plátano de paseo,0.0,2024-01-30
Plátano de paseo,0.0,2024-01-31
Plátano de paseo,0.0,2024-02-01
Plátano de paseo,0.0,2024-02-02
Plátano de paseo,0.0,2024-02-03
Plátano de paseo,0.0,2024-02-04
Plátano de paseo,0.0,2024-02-05
Plátano de paseo,0.0,2024-02-06
Plátano de paseo,0.0,2024-02-07
Plátano de paseo,0.0,2024-02-08
Plátano de paseo,0.0,2024-02-09
Plátano de paseo,0.0,2024-02-10
Plátano de paseo,0.0,2024-02-11
Plátano de paseo,0.0,2024-02-12
Plátano de paseo,0.0,2024-02-13
Plátano de paseo,0.0,2024-02-14
Plátano de paseo,0.0,2024-02-15
Plátano de paseo,0.0,2024-02-16
Plátano de paseo,0.0,2024-02-17
Plátano de paseo,0.0,2024-02-18
Plátano de paseo,0.0,2024-02-19
Plátano de paseo,0.0,2024-02-20
Plátano de paseo,0.0,2024-02-21
Plátano de paseo,0.0,2024-02-22
Plátano de paseo,0.0,2024-02-23
Plátano de paseo,0.0,2024-02-24
Plátano de paseo,0.0,2024-02-25
Plátano de paseo,0.0,2024-02-26
Plátano de paseo,0.0,2024-02-27
Plátano de paseo,0.0,2024-02-28
Plátano de paseo,0.0,2024-02-29
Plátano de paseo,0.0,2024-03-01
Plátano de paseo,0.0,2024-03-02
Plátano de paseo,0.0,2024-03-03
Plátano de paseo,0.0,2024-03-04
Plátano de paseo,0.0,2024-03-05
Plátano de paseo,0.0,2024-03-06
Plátano de paseo,0.0,2024-03-07
Plátano de paseo,0.0,2024-03-08
Plátano de paseo,0.0,2024-03-09
Plátano de paseo,0.0,2024-03-10
Plátano de paseo,0.0,2024-03-11
Plátano de paseo,5.0,2024-03-12
Plátano de paseo,13.0,2024-03-13
Plátano de paseo,20.0,2024-03-14
Plátano de paseo,30.0,2024-03-15
Plátano de paseo,77.0,2024-03-16
Plátano de paseo,464.0,2024-03-17
Plátano de paseo,1499.0,2024-03-18
Plátano de paseo,1820.0,2024-03-19
Plátano de paseo,3023.0,2024-03-20
Plátano de paseo,4475.0,2024-03-21
Plátano de paseo,3639.0,2024-03-22
Plátano de paseo,2977.0,2024-03-23
Plátano de paseo,3224.0,2024-03-24
Plátano de paseo,1159.0,2024-03-25
Plátano de paseo,1404.0,2024-03-26
Plátano de paseo,186.0,2024-03-27
Plátano de paseo,294.0,2024-03-28
Plátano de paseo,48.0,2024-03-29
Plátano de paseo,237.0,2024-03-30
Plátano de paseo,187.0,2024-03-31
Plátano de paseo,185.0,2024-04-01
Plátano de paseo,133.0,2024-04-02
Plátano de paseo,445.0,2024-04-03
Plátano de paseo,404.0,2024-04-04
Plátano de paseo,854.0,2024-04-05
Plátano de paseo,530.0,2024-04-06
Plátano de paseo,784.0,2024-04-07
Plátano de paseo,463.0,2024-04-08
Plátano de paseo,123.0,2024-04-09
Plátano de paseo,130.0,2024-04-10
Plátano de paseo,103.0,2024-04-11
Plátano de paseo,59.0,2024-04-12
Plátano de paseo,131.0,2024-04-13
Plátano de paseo,61.0,2024-04-14
Plátano de paseo,52.0,2024-04-15
Plátano de paseo,81.0,2024-04-16
Plátano de paseo,89.0,2024-04-17
Plátano de paseo,15.0,2024-04-18
Plátano de paseo,28.0,2024-04-19
Plátano de paseo,20.0,2024-04-20
Plátano de paseo,26.0,2024-04-21
Plátano de paseo,29.0,2024-04-22
Plátano de paseo,12.0,2024-04-23
Plátano de paseo,12.0,2024-04-24
Plátano de paseo,10.0,2024-04-25
Plátano de paseo,,2024-04-26
Plátano de paseo,,2024-04-27
Plátano de paseo,1.0,2024-04-28
Plátano de paseo,8.0,2024-04-29
Plátano de paseo,5.0,2024-04-30
Plátano de paseo,2.0,2024-05-01
Plátano de paseo,0.0,2024-05-02
Plátano de paseo,1.0,2024-05-03
Plátano de paseo,5.0,2024-05-04
Plátano de paseo,3.0,2024-05-05
Plátano de paseo,3.0,2024-05-06
Plátano de paseo,4.0,2024-05-07
Plátano de paseo,2.0,2024-05-08
Plátano de paseo,1.0,2024-05-09
Plátano de paseo,1.0,2024-05-10
Plátano de paseo,120.0,2024-05-11
Plátano de paseo,0.0,2024-05-12
Plátano de paseo,1.0,2024-05-13
Plátano de paseo,1.0,2024-05-14
Plátano de paseo,0.0,2024-05-15
Plátano de paseo,2.0,2024-05-16
Plátano de paseo,2.0,2024-05-17
Plátano de paseo,0.0,2024-05-18
Plátano de paseo,1.0,2024-05-19
Plátano de paseo,1.0,2024-05-20
Plátano de paseo,1.0,2024-05-21
Plátano de paseo,0.0,2024-05-22
Plátano de paseo,1.0,2024-05-23
Plátano de paseo,3.0,2024-05-24
Plátano de paseo,0.0,2024-05-25
Plátano de paseo,1.0,2024-05-26
Plátano de paseo,0.0,2024-05-27
Plátano de paseo,0.0,2024-05-28
Plátano de paseo,1.0,2024-05-29
Plátano de paseo,2.0,2024-05-30
Plátano de paseo,1.0,2024-05-31
Plátano de paseo,0.0,2024-06-01
Plátano de paseo,1.0,2024-06-02
Plátano de paseo,0.0,2024-06-03
Plátano de paseo,1.0,2024-06-04
Plátano de paseo,0.0,2024-06-05
Plátano de paseo,0.0,2024-06-06
Plátano de paseo,,2024-06-07
Plátano de paseo,,2024-06-08
Plátano de paseo,,2024-06-09
Plátano de paseo,,2024-06-10
Plátano de paseo,0.0,2024-06-11
Plátano de paseo,0.0,2024-06-12
Plátano de paseo,0.0,2024-06-13
Plátano de paseo,0.0,2024-06-14
Plátano de paseo,0.0,2024-06-15
Plátano de paseo,0.0,2024-06-16
Plátano de paseo,,2024-06-17
Plátano de paseo,,2024-06-18
Plátano de paseo,,2024-06-19
Plátano de paseo,,2024-06-20
Plátano de paseo,,2024-06-21
Plátano de paseo,,2024-06-22
Plátano de paseo,0.0,2024-06-23
Plátano de paseo,0.0,2024-06-24
Plátano de paseo,1.0,2024-06-25
Plátano de paseo,1.0,2024-06-26
Plátano de paseo,1.0,2024-06-27
Plátano de paseo,0.0,2024-06-28
Plátano de paseo,0.0,2024-06-29
Plátano de paseo,1.0,2024-06-30
Plátano de paseo,0.0,2024-07-01
Plátano de paseo,0.0,2024-07-02
Plátano de paseo,1.0,2024-07-03
Plátano de paseo,0.0,2024-07-04
Plátano de paseo,1.0,2024-07-05
Plátano de paseo,0.0,2024-07-06
Plátano de paseo,0.0,2024-07-07
Plátano de paseo,0.0,2024-07-08
Plátano de paseo,0.0,2024-07-09
Plátano de paseo,0.0,2024-07-10
Plátano de paseo,0.0,2024-07-11
Plátano de paseo,0.0,2024-07-12
Plátano de paseo,0.0,2024-07-13
Plátano de paseo,0.0,2024-07-14
Plátano de paseo,1.0,2024-07-15
Plátano de paseo,1.0,2024-07-16
Plátano de paseo,0.0,2024-07-17
Plátano de paseo,0.0,2024-07-18
Plátano de paseo,1.0,2024-07-19
Plátano de paseo,0.0,2024-07-20
Plátano de paseo,0.0,2024-07-21
Plátano de paseo,0.0,2024-07-22
Plátano de paseo,0.0,2024-07-23
Plátano de paseo,0.0,2024-07-24
Plátano de paseo,0.0,2024-07-25
Plátano de paseo,0.0,2024-07-26
Plátano de paseo,1.0,2024-07-27
Plátano de paseo,1.0,2024-07-28
Plátano de paseo,0.0,2024-07-29
Plátano de paseo,0.0,2024-07-30
Plátano de paseo,0.0,2024-07-31
Plátano de paseo,0.0,2024-08-01
Plátano de paseo,0.0,2024-08-02
Plátano de paseo,0.0,2024-08-03
Plátano de paseo,0.0,2024-08-04
Plátano de paseo,0.0,2024-08-05
Plátano de paseo,1.0,2024-08-06
Plátano de paseo,0.0,2024-08-07
Plátano de paseo,0.0,2024-08-08
Plátano de paseo,0.0,2024-08-09
Plátano de paseo,0.0,2024-08-10
Plátano de paseo,0.0,2024-08-11
Plátano de paseo,0.0,2024-08-12
Plátano de paseo,1.0,2024-08-13
Plátano de paseo,0.0,2024-08-14
Plátano de paseo,0.0,2024-08-15
Plátano de paseo,0.0,2024-08-16
Plátano de paseo,,2024-08-17
Plátano de paseo,,2024-08-18
Plátano de paseo,,2024-08-19
Plátano de paseo,,2024-08-20
Plátano de paseo,,2024-08-21
Plátano de paseo,,2024-08-22
Plátano de paseo,1.0,2024-08-23
Plátano de paseo,1.0,2024-08-24
Plátano de paseo,0.0,2024-08-25
Plátano de paseo,0.0,2024-08-26
Plátano de paseo,,2024-08-27
Plátano de paseo,,2024-08-28
Plátano de paseo,,2024-08-29
Plátano de paseo,,2024-08-30
Plátano de paseo,,2024-08-31
Plátano de paseo,,2024-09-01
Plátano de paseo,,2024-09-02
Plátano de paseo,,2024-09-03
Plátano de paseo,0.0,2024-09-04
Plátano de paseo,0.0,2024-09-05
Plátano de paseo,0.0,2024-09-06
Plátano de paseo,0.0,2024-09-07
Plátano de paseo,0.0,2024-09-08
Plátano de paseo,0.0,2024-09-09
Plátano de paseo,0.0,2024-09-10
Plátano de paseo,0.0,2024-09-11
Plátano de paseo,0.0,2024-09-12
Plátano de paseo,0.0,2024-09-13
Plátano de paseo,0.0,2024-09-14
Plátano de paseo,0.0,2024-09-15
Plátano de paseo,0.0,2024-09-16
Plátano de paseo,3.0,2024-09-17
Plátano de paseo,0.0,2024-09-18
Plátano de paseo,0.0,2024-09-19
Plátano de paseo,0.0,2024-09-20
Plátano de paseo,0.0,2024-09-21
Plátano de paseo,0.0,2024-09-22
Plátano de paseo,0.0,2024-09-23
Plátano de paseo,0.0,2024-09-24
Plátano de paseo,0.0,2024-09-25
Plátano de paseo,0.0,2024-09-26
Plátano de paseo,0.0,2024-09-27
Plátano de paseo,0.0,2024-09-28
Plátano de paseo,0.0,2024-09-29
Plátano de paseo,0.0,2024-09-30
Plátano de paseo,0.0,2024-10-01
Plátano de paseo,0.0,2024-10-02
Plátano de paseo,0.0,2024-10-03
Plátano de paseo,0.0,2024-10-04
Plátano de paseo,0.0,2024-10-05
Plátano de paseo,0.0,2024-10-06
Plátano de paseo,0.0,2024-10-07
Plátano de paseo,0.0,2024-10-08
Plátano de paseo,0.0,2024-10-09
Plátano de paseo,0.0,2024-10-10
Plátano de paseo,0.0,2024-10-11
Plátano de paseo,0.0,2024-10-12
Plátano de paseo,0.0,2024-10-13
Plátano de paseo,1.0,2024-10-14
Plátano de paseo,1.0,2024-10-15
Plátano de paseo,0.0,2024-10-16
Plátano de paseo,1.0,2024-10-17
Plátano de paseo,0.0,2024-10-18
Plátano de paseo,0.0,2024-10-19
Plátano de paseo,0.0,2024-10-20
Plátano de paseo,0.0,2024-10-21
Plátano de paseo,0.0,2024-10-22
Plátano de paseo,0.0,2024-10-23
Plátano de paseo,0.0,2024-10-24
Plátano de paseo,0.0,2024-10-25
Plátano de paseo,1.0,2024-10-26
Plátano de paseo,0.0,2024-10-27
Plátano de paseo,0.0,2024-10-28
Plátano de paseo,0.0,2024-10-29
Plátano de paseo,0.0,2024-10-30
Plátano de paseo,0.0,2024-10-31
Plátano de paseo,0.0,2024-11-01
Plátano de paseo,0.0,2024-11-02
Plátano de paseo,0.0,2024-11-03
Plátano de paseo,0.0,2024-11-04
Plátano de paseo,0.0,2024-11-05
Plátano de paseo,0.0,2024-11-06
Plátano de paseo,0.0,2024-11-07
Plátano de paseo,0.0,2024-11-08
Plátano de paseo,0.0,2024-11-09
Plátano de paseo,0.0,2024-11-10
Plátano de paseo,0.0,2024-11-11
Plátano de paseo,1.0,2024-11-12
Plátano de paseo,0.0,2024-11-13
Plátano de paseo,0.0,2024-11-14
Plátano de paseo,0.0,2024-11-15
Plátano de paseo,0.0,2024-11-16
Plátano de paseo,0.0,2024-11-17
Plátano de paseo,1.0,2024-11-18
Plátano de paseo,0.0,2024-11-19
Plátano de paseo,0.0,2024-11-20
Plátano de paseo,0.0,2024-11-21
Plátano de paseo,0.0,2024-11-22
Plátano de paseo,0.0,2024-11-23
Plátano de paseo,0.0,2024-11-24
Plátano de paseo,1.0,2024-11-25
Plátano de paseo,0.0,2024-11-26
Plátano de paseo,0.0,2024-11-27
Plátano de paseo,0.0,2024-11-28
Plátano de paseo,0.0,2024-11-29
Plátano de paseo,0.0,2024-11-30
Plátano de paseo,0.0,2024-12-01
Plátano de paseo,0.0,2024-12-02
Plátano de paseo,0.0,2024-12-03
Plátano de paseo,0.0,2024-12-04
Plátano de paseo,0.0,2024-12-05
Plátano de paseo,0.0,2024-12-06
Plátano de paseo,0.0,2024-12-07
Plátano de paseo,1.0,2024-12-08
Plátano de paseo,1.0,2024-12-09
Plátano de paseo,0.0,2024-12-10
Plátano de paseo,1.0,2024-12-11
Plátano de paseo,0.0,2024-12-12
Plátano de paseo,0.0,2024-12-13
Plátano de paseo,0.0,2024-12-14
Plátano de paseo,0.0,2024-12-15
Plátano de paseo,0.0,2024-12-16
Plátano de paseo,0.0,2024-12-17
Plátano de paseo,0.0,2024-12-18
Plátano de paseo,0.0,2024-12-19
Plátano de paseo,0.0,2024-12-20
Plátano de paseo,0.0,2024-12-21
Plátano de paseo,0.0,2024-12-22
Plátano de paseo,0.0,2024-12-23
Plátano de paseo,0.0,2024-12-24
Plátano de paseo,0.0,2024-12-25
Plátano de paseo,0.0,2024-12-26
Plátano de paseo,0.0,2024-12-27
Plátano de paseo,0.0,2024-12-28
Plátano de paseo,0.0,2024-12-29
Plátano de paseo,,2024-12-30
Plátano de paseo,,2024-12-31
Plátano de paseo,,2025-01-01
Plátano de paseo,,2025-01-02
Plátano de paseo,,2025-01-03
Plátano de paseo,,2025-01-04
Plátano de paseo,,2025-01-05
Plátano de paseo,0.0,2025-01-06
Plátano de paseo,0.0,2025-01-07
Plátano de paseo,0.0,2025-01-08
Plátano de paseo,0.0,2025-01-09
Plátano de paseo,0.0,2025-01-10
Plátano de paseo,0.0,2025-01-11
Plátano de paseo,0.0,2025-01-12
Plátano de paseo,0.0,2025-01-13
Plátano de paseo,0.0,2025-01-14
Plátano de paseo,0.0,2025-01-15
Plátano de paseo,0.0,2025-01-16
Plátano de paseo,0.0,2025-01-17
Plátano de paseo,0.0,2025-01-18
Plátano de paseo,0.0,2025-01-19
Plátano de paseo,0.0,2025-01-20
Plátano de paseo,0.0,2025-01-21
Plátano de paseo,0.0,2025-01-22
Plátano de paseo,0.0,2025-01-23
Plátano de paseo,0.0,2025-01-24
Plátano de paseo,0.0,2025-01-25
Plátano de paseo,0.0,2025-01-26
Plátano de paseo,0.0,2025-01-27
Plátano de paseo,0.0,2025-01-28
Plátano de paseo,0.0,2025-01-29
Plátano de paseo,0.0,2025-01-30
Plátano de paseo,0.0,2025-01-31
Plátano de paseo,0.0,2025-02-01
Plátano de paseo,0.0,2025-02-02
Plátano de paseo,0.0,2025-02-03
Plátano de paseo,0.0,2025-02-04
Plátano de paseo,0.0,2025-02-05
Plátano de paseo,0.0,2025-02-06
Plátano de paseo,0.0,2025-02-07
Plátano de paseo,0.0,2025-02-08
Plátano de paseo,0.0,2025-02-09
Plátano de paseo,0.0,2025-02-10
Plátano de paseo,0.0,2025-02-11
Plátano de paseo,0.0,2025-02-12
Plátano de paseo,0.0,2025-02-13
Plátano de paseo,0.0,2025-02-14
Plátano de paseo,1.0,2025-02-15
Plátano de paseo,0.0,2025-02-16
Plátano de paseo,0.0,2025-02-17
Plátano de paseo,1.0,2025-02-18
Plátano de paseo,0.0,2025-02-19
Plátano de paseo,0.0,2025-02-20
Plátano de paseo,0.0,2025-02-21
Plátano de paseo,0.0,2025-02-22
Plátano de paseo,0.0,2025-02-23
Plátano de paseo,0.0,2025-02-24
Plátano de paseo,0.0,2025-02-25
Plátano de paseo,0.0,2025-02-26
Plátano de paseo,0.0,2025-02-27
Plátano de paseo,0.0,2025-02-28
Plátano de paseo,0.0,2025-03-01
Plátano de paseo,0.0,2025-03-02
Plátano de paseo,,2025-03-03
Plátano de paseo,,2025-03-04
Plátano de paseo,,2025-03-05
Plátano de paseo,0.0,2025-03-06
Plátano de paseo,0.0,2025-03-07
Plátano de paseo,0.0,2025-03-08
Plátano de paseo,0.0,2025-03-09
Plátano de paseo,0.0,2025-03-10
Plátano de paseo,0.0,2025-03-11
Plátano de paseo,0.0,2025-03-12
Plátano de paseo,0.0,2025-03-13
Plátano de paseo,7.0,2025-03-14
Plátano de paseo,1.0,2025-03-15
Plátano de paseo,2.0,2025-03-16
Plátano de paseo,1.0,2025-03-17
Plátano de paseo,0.0,2025-03-18
Plátano de paseo,13.0,2025-03-19
Plátano de paseo,10.0,2025-03-20
Plátano de paseo,1.0,2025-03-21
Plátano de paseo,4.0,2025-03-22
Plátano de paseo,21.0,2025-03-23
Plátano de paseo,45.0,2025-03-24
Plátano de paseo,58.0,2025-03-25
Plátano de paseo,116.0,2025-03-26
Plátano de paseo,169.0,2025-03-27
Plátano de paseo,298.0,2025-03-28
Plátano de paseo,1355.0,2025-03-29
Plátano de paseo,1381.0,2025-03-30
Plátano de paseo,2861.0,2025-03-31
Plátano de paseo,4165.0,2025-04-01
Plátano de paseo,2744.0,2025-04-02
Plátano de paseo,455.0,2025-04-03
Plátano de paseo,1022.0,2025-04-04
Plátano de paseo,615.0,2025-04-05
Plátano de paseo,1345.0,2025-04-06
Plátano de paseo,893.0,2025-04-07
Plátano de paseo,2105.0,2025-04-08
Plátano de paseo,1429.0,2025-04-09
Plátano de paseo,1848.0,2025-04-10
Plátano de paseo,865.0,2025-04-11
Plátano de paseo,212.0,2025-04-12
Plátano de paseo,174.0,2025-04-13
Plátano de paseo,387.0,2025-04-14
Plátano de paseo,174.0,2025-04-15
Plátano de paseo,138.0,2025-04-16
Plátano de paseo,107.0,2025-04-17
Plátano de paseo,80.0,2025-04-18
Plátano de paseo,72.0,2025-04-19
Plátano de paseo,60.0,2025-04-20
Plátano de paseo,81.0,2025-04-21
Plátano de paseo,89.0,2025-04-22
Plátano de paseo,60.0,2025-04-23
Plátano de paseo,75.0,2025-04-24
Plátano de paseo,49.0,2025-04-25
Plátano de paseo,54.0,2025-04-26
Plátano de paseo,28.0,2025-04-27
Plátano de paseo,,2025-04-28
Plátano de paseo,60.0,2025-04-29
Plátano de paseo,33.0,2025-04-30
Plátano de paseo,4.0,2025-05-01
Plátano de paseo,6.0,2025-05-02
Plátano de paseo,4.0,2025-05-03
Plátano de paseo,7.0,2025-05-04
Plátano de paseo,3.0,2025-05-05
Plátano de paseo,4.0,2025-05-06
Plátano de paseo,10.0,2025-05-07
Plátano de paseo,5.0,2025-05-08
Plátano de paseo,2.0,2025-05-09
Plátano de paseo,1.0,2025-05-10
Plátano de paseo,8.0,2025-05-11
Plátano de paseo,6.0,2025-05-12
Plátano de paseo,2.0,2025-05-13
Plátano de paseo,1.0,2025-05-14
Plátano de paseo,3.0,2025-05-15
Plátano de paseo,0.0,2025-05-16
Plátano de paseo,3.0,2025-05-17
Plátano de paseo,1.0,2025-05-18
Plátano de paseo,1.0,2025-05-19
Plátano de paseo,1.0,2025-05-20
Plátano de paseo,1.0,2025-05-21
Plátano de paseo,7.0,2025-05-22
Plátano de paseo,1.0,2025-05-23
Plátano de paseo,1.0,2025-05-24
Plátano de paseo,0.0,2025-05-25
Plátano de paseo,2.0,2025-05-26
Plátano de paseo,1.0,2025-05-27
Plátano de paseo,0.0,2025-05-28
Plátano de paseo,4.0,2025-05-29
Plátano de paseo,0.0,2025-05-30
Plátano de paseo,0.0,2025-05-31
Plátano de paseo,0.0,2025-06-01
Plátano de paseo,0.0,2025-06-02
Plátano de paseo,0.0,2025-06-03
Plátano de paseo,0.0,2025-06-04
Plátano de paseo,0.0,2025-06-05
Plátano de paseo,0.0,2025-06-06
Plátano de paseo,0.0,2025-06-07
Plátano de paseo,0.0,2025-06-08
Plátano de paseo,1.0,2025-06-09
Plátano de paseo,0.0,2025-06-10
Plátano de paseo,3.0,2025-06-11
Plátano de paseo,1.0,2025-06-12
Plátano de paseo,0.0,2025-06-13
Plátano de paseo,0.0,2025-06-14
Plátano de paseo,0.0,2025-06-15
Plátano de paseo,0.0,2025-06-16
Plátano de paseo,2.0,2025-06-17
Plátano de paseo,0.0,2025-06-18
Plátano de paseo,0.0,2025-06-19
Plátano de paseo,1.0,2025-06-20
Plátano de paseo,0.0,2025-06-21
Plátano de paseo,0.0,2025-06-22
Plátano de paseo,0.0,2025-06-23
Plátano de paseo,0.0,2025-06-24
Plátano de paseo,0.0,2025-06-25
Plátano de paseo,1.0,2025-06-26
Plátano de paseo,0.0,2025-06-27
Plátano de paseo,0.0,2025-06-28
Plátano de paseo,0.0,2025-06-29
Plátano de paseo,0.0,2025-06-30
Plátano de paseo,0.0,2025-07-01
Plátano de paseo,0.0,2025-07-02
Plátano de paseo,0.0,2025-07-03
Plátano de paseo,0.0,2025-07-04
Plátano de paseo,0.0,2025-07-05
Plátano de paseo,0.0,2025-07-06
Plátano de paseo,0.0,2025-07-07
Plátano de paseo,0.0,2025-07-08
Plátano de paseo,0.0,2025-07-09
Plátano de paseo,0.0,2025-07-10
Plátano de paseo,0.0,2025-07-11
Plátano de paseo,0.0,2025-07-12
Plátano de paseo,0.0,2025-07-13
Plátano de paseo,0.0,2025-07-14
Plátano de paseo,0.0,2025-07-15
Plátano de paseo,0.0,2025-07-16
Plátano de paseo,0.0,2025-07-17
Plátano de paseo,0.0,2025-07-18
Plátano de paseo,0.0,2025-07-19
Plátano de paseo,0.0,2025-07-20
Plátano de paseo,0.0,2025-07-21
Plátano de paseo,0.0,2025-07-22
Plátano de paseo,0.0,2025-07-23
Plátano de paseo,0.0,2025-07-24
Plátano de paseo,0.0,2025-07-25
Plátano de paseo,0.0,2025-07-26
Plátano de paseo,0.0,2025-07-27
Plátano de paseo,0.0,2025-07-28
Plátano de paseo,0.0,2025-07-29
Plátano de paseo,0.0,2025-07-30
Plátano de paseo,0.0,2025-07-31
Plátano de paseo,0.0,2025-08-01
Plátano de paseo,0.0,2025-08-02
Plátano de paseo,0.0,2025-08-03
Plátano de paseo,0.0,2025-08-04
Plátano de paseo,0.0,2025-08-05
Plátano de paseo,0.0,2025-08-06
Plátano de paseo,0.0,2025-08-07
Plátano de paseo,0.0,2025-08-08
Plátano de paseo,0.0,2025-08-09
Plátano de paseo,0.0,2025-08-10
Plátano de paseo,0.0,2025-08-11
Plátano de paseo,0.0,2025-08-12
Plátano de paseo,0.0,2025-08-13
Plátano de paseo,0.0,2025-08-14
Plátano de paseo,0.0,2025-08-15
Plátano de paseo,0.0,2025-08-16
Plátano de paseo,0.0,2025-08-17
Plátano de paseo,0.0,2025-08-18
Plátano de paseo,0.0,2025-08-19
Plátano de paseo,0.0,2025-08-20
Plátano de paseo,,2025-08-21
Plátano de paseo,,2025-08-22
Plátano de paseo,,2025-08-23
Plátano de paseo,,2025-08-24
Plátano de paseo,,2025-08-25
Plátano de paseo,0.0,2025-08-26
Plátano de paseo,0.0,2025-08-27
Plátano de paseo,0.0,2025-08-28
Plátano de paseo,0.0,2025-08-29
Plátano de paseo,0.0,2025-08-30
Plátano de paseo,0.0,2025-08-31
Plátano de paseo,0.0,2025-09-01
Plátano de paseo,0.0,2025-09-02
Plátano de paseo,0.0,2025-09-03
Plátano de paseo,2.0,2025-09-04
Plátano de paseo,1.0,2025-09-05
Plátano de paseo,0.0,2025-09-06
Plátano de paseo,0.0,2025-09-07
Plátano de paseo,0.0,2025-09-08
Plátano de paseo,1.0,2025-09-09
Plátano de paseo,0.0,2025-09-10
Plátano de paseo,0.0,2025-09-11
Plátano de paseo,0.0,2025-09-12
Plátano de paseo,1.0,2025-09-13
Plátano de paseo,0.0,2025-09-14
Plátano de paseo,1.0,2025-09-15
Plátano de paseo,2.0,2025-09-16
Plátano de paseo,1.0,2025-09-17
Plátano de paseo,2.0,2025-09-18
Plátano de paseo,2.0,2025-09-19
Plátano de paseo,3.0,2025-09-20
Plátano de paseo,2.0,2025-09-21
Plátano de paseo,2.0,2025-09-22
Plátano de paseo,1.0,2025-09-23
Plátano de paseo,0.0,2025-09-24
Plátano de paseo,1.0,2025-09-25
Plátano de paseo,1.0,2025-09-26
Plátano de paseo,1.0,2025-09-27
Plátano de paseo,0.0,2025-09-28
Plátano de paseo,0.0,2025-09-29
Plátano de paseo,0.0,2025-09-30
Plátano de paseo,0.0,2025-10-01
Plátano de paseo,2.0,2025-10-02
Plátano de paseo,0.0,2025-10-03
Plátano de paseo,2.0,2025-10-04
Plátano de paseo,2.0,2025-10-05
Plátano de paseo,1.0,2025-10-06
Plátano de paseo,2.0,2025-10-07
Plátano de paseo,3.0,2025-10-08
Plátano de paseo,1.0,2025-10-09
Plátano de paseo,0.0,2025-10-10
Plátano de paseo,0.0,2025-10-11
Plátano de paseo,2.0,2025-10-12
Plátano de paseo,1.0,2025-10-13
Plátano de paseo,1.0,2025-10-14
Plátano de paseo,1.0,2025-10-15
Plátano de paseo,1.0,2025-10-16
Plátano de paseo,0.0,2025-10-17
Plátano de paseo,2.0,2025-10-18
Plátano de paseo,1.0,2025-10-19
Plátano de paseo,2.0,2025-10-20
Plátano de paseo,0.0,2025-10-21
Plátano de paseo,2.0,2025-10-22
Plátano de paseo,1.0,2025-10-23
Plátano de paseo,0.0,2025-10-24
Plátano de paseo,0.0,2025-10-25
Plátano de paseo,0.0,2025-10-26
Plátano de paseo,0.0,2025-10-27
Plátano de paseo,0.0,2025-10-28
Plátano de paseo,1.0,2025-10-29
Plátano de paseo,0.0,2025-10-30
Plátano de paseo,1.0,2025-10-31
Plátano de paseo,1.0,2025-11-01
Plátano de paseo,0.0,2025-11-02
Plátano de paseo,0.0,2025-11-03
Plátano de paseo,0.0,2025-11-04
Plátano de paseo,1.0,2025-11-05
Plátano de paseo,0.0,2025-11-06
Plátano de paseo,0.0,2025-11-07
Plátano de paseo,0.0,2025-11-08
Plátano de paseo,0.0,2025-11-09
Plátano de paseo,0.0,2025-11-10
Plátano de paseo,0.0,2025-11-11
Plátano de paseo,0.0,2025-11-12
Plátano de paseo,0.0,2025-11-13
Plátano de paseo,0.0,2025-11-14
Plátano de paseo,0.0,2025-11-15
Plátano de paseo,0.0,2025-11-16
Plátano de paseo,0.0,2025-11-17
Plátano de paseo,0.0,2025-11-18
Plátano de paseo,0.0,2025-11-19
Plátano de paseo,0.0,2025-11-20
Plátano de paseo,0.0,2025-11-21
Plátano de paseo,0.0,2025-11-22
Plátano de paseo,0.0,2025-11-23
